id,category,date,title,legacy_url,listing_page,in_current_repo,target_path
5436,video,2026-07-06,珠峰主题视频,https://www.xiongdaye.com/home/view/index/id/5436.html,1,True,/web/news/5436.html
5435,video,2026-07-03,我们都犯过这个错,https://www.xiongdaye.com/home/view/index/id/5435.html,1,True,/web/news/5435.html
5434,video,2026-07-01,服务员！过来尝饺子！,https://www.xiongdaye.com/home/view/index/id/5434.html,1,True,/web/news/5434.html
5433,video,2026-06-29,门店大片之熊大爷七周年限定周边,https://www.xiongdaye.com/home/view/index/id/5433.html,1,True,/web/news/5433.html
5432,video,2026-06-27,饺子里的牵挂,https://www.xiongdaye.com/home/view/index/id/5432.html,1,True,/web/news/5432.html
5431,video,2026-06-25,美食召唤术,https://www.xiongdaye.com/home/view/index/id/5431.html,1,True,/web/news/5431.html
5430,video,2026-06-21,就这波了，上啊！,https://www.xiongdaye.com/home/view/index/id/5430.html,1,True,/web/news/5430.html
5429,video,2026-06-20,吃货的王道在哪里,https://www.xiongdaye.com/home/view/index/id/5429.html,1,True,/web/news/5429.html
5428,video,2026-06-19,哥哥说的，都是我的词,https://www.xiongdaye.com/home/view/index/id/5428.html,1,True,/web/news/5428.html
5427,video,2026-06-17,心动失焦  ，美味聚“饺”,https://www.xiongdaye.com/home/view/index/id/5427.html,2,False,/web/news/5427.html
5426,video,2026-06-16,嫩滑鸡肉饺 ，超值尝鲜,https://www.xiongdaye.com/home/view/index/id/5426.html,2,False,/web/news/5426.html
5422,news,2026-06-16,7周年宠粉 | 50份周边礼随机掉落中,https://www.xiongdaye.com/home/view/index/id/5422.html,1,True,/web/news/5422.html
5421,news,2026-06-16,7周年，疯了！一毛钱吃饺子？！,https://www.xiongdaye.com/home/view/index/id/5421.html,1,True,/web/news/5421.html
5425,news,2026-06-15,超值亲邻卡，快来薅羊毛,https://www.xiongdaye.com/home/view/index/id/5425.html,1,True,/web/news/5425.html
5424,video,2026-06-15,一毛钱吃饺子 保姆级教程,https://www.xiongdaye.com/home/view/index/id/5424.html,2,False,/web/news/5424.html
5423,video,2026-06-12,老板疯了？！,https://www.xiongdaye.com/home/view/index/id/5423.html,2,False,/web/news/5423.html
5437,news,2026-06-10,减脂人闭眼冲！7周年嫩滑鸡肉「8元起」尝新,https://www.xiongdaye.com/home/view/index/id/5437.html,1,True,/web/news/5437.html
5438,news,2026-06-09,倒计时3天 | 7周年我们决定“疯”一次！,https://www.xiongdaye.com/home/view/index/id/5438.html,1,True,/web/news/5438.html
5439,news,2026-06-02,一枚饺子的山河万里：熊大爷的“风味地图”,https://www.xiongdaye.com/home/view/index/id/5439.html,1,True,/web/news/5439.html
5420,news,2026-06-01,她们不过母亲节，但每天都在当妈妈,https://www.xiongdaye.com/home/view/index/id/5420.html,1,True,/web/news/5420.html
5419,news,2026-05-29,8848米之上：一只饺子的志向与征途,https://www.xiongdaye.com/home/view/index/id/5419.html,1,True,/web/news/5419.html
5418,news,2026-05-29,七年·千店·万人就业：熊大爷，包饺子也包梦想,https://www.xiongdaye.com/home/view/index/id/5418.html,1,True,/web/news/5418.html
5417,video,2026-05-11,让亲戚过嘴瘾？不可能！绝对不可能！,https://www.xiongdaye.com/home/view/index/id/5417.html,2,False,/web/news/5417.html
5416,video,2026-05-11,山东老婆四川老公这顿饺子吃的驴唇不对马嘴,https://www.xiongdaye.com/home/view/index/id/5416.html,2,False,/web/news/5416.html
5415,video,2026-05-11,我记得我们挺熟的啊...,https://www.xiongdaye.com/home/view/index/id/5415.html,2,False,/web/news/5415.html
5414,video,2026-05-11,一碗热饺子，藏着熊大爷的温柔与暖意,https://www.xiongdaye.com/home/view/index/id/5414.html,2,False,/web/news/5414.html
5413,video,2026-05-11,解密一碗饺子的“名侦探模式”,https://www.xiongdaye.com/home/view/index/id/5413.html,2,False,/web/news/5413.html
5412,video,2026-05-11,大意了，大意了，差点饺子都吃不上了,https://www.xiongdaye.com/home/view/index/id/5412.html,3,False,/web/news/5412.html
5411,video,2026-05-11,好消息：今天来了个大客户！ 坏消息：来上厕所的～,https://www.xiongdaye.com/home/view/index/id/5411.html,3,False,/web/news/5411.html
5410,video,2026-05-11,您好，很不高兴为您服务！,https://www.xiongdaye.com/home/view/index/id/5410.html,3,False,/web/news/5410.html
5409,video,2026-05-11,居然怀疑我家的饺子是冷冻品？ 必须得给你来波“大的”！,https://www.xiongdaye.com/home/view/index/id/5409.html,3,False,/web/news/5409.html
5408,video,2026-05-11,好吃到我要向全世界炫耀！！！,https://www.xiongdaye.com/home/view/index/id/5408.html,3,False,/web/news/5408.html
5407,video,2026-05-11,烦恼全忘掉，饺子最有效,https://www.xiongdaye.com/home/view/index/id/5407.html,3,False,/web/news/5407.html
5406,video,2026-05-11,误闯天家，卡点的快乐谁懂啊,https://www.xiongdaye.com/home/view/index/id/5406.html,3,False,/web/news/5406.html
5405,news,2026-05-05,立夏饺纳福|生活多喜乐，岁岁常安康,https://www.xiongdaye.com/home/view/index/id/5405.html,2,False,/web/news/5405.html
5404,news,2026-05-04,青年节 ┆ 青春向阳，不负韶华,https://www.xiongdaye.com/home/view/index/id/5404.html,2,False,/web/news/5404.html
5403,news,2026-05-01,致敬劳动节|用美味致敬每一份努力,https://www.xiongdaye.com/home/view/index/id/5403.html,2,False,/web/news/5403.html
5402,news,2026-04-30,【中华网】嫩滑鸡肉饺全新上市：熊大爷以“低脂高蛋白”拓宽现包饺子赛道,https://www.xiongdaye.com/home/view/index/id/5402.html,2,False,/web/news/5402.html
5401,news,2026-04-30,【新京报】熊大爷虾皇饺全国上新：以鲜破季，现包饺子赛道再立品质新标准,https://www.xiongdaye.com/home/view/index/id/5401.html,2,False,/web/news/5401.html
5400,video,2026-04-30,五一长假出发喽~ #熊大爷 陪您一起过节,https://www.xiongdaye.com/home/view/index/id/5400.html,3,False,/web/news/5400.html
5399,video,2026-04-30,各省工作指南，速看又是谁在对号入座呢？,https://www.xiongdaye.com/home/view/index/id/5399.html,3,False,/web/news/5399.html
5398,video,2026-04-30,食物双标时刻，来看这里是谁的日常我不说~,https://www.xiongdaye.com/home/view/index/id/5398.html,4,False,/web/news/5398.html
5397,video,2026-04-30,食物谐音梗，速来这里食话食说真上头～,https://www.xiongdaye.com/home/view/index/id/5397.html,4,False,/web/news/5397.html
5396,video,2026-04-30,减肥日常be like，速看这里又是谁的真实写照～,https://www.xiongdaye.com/home/view/index/id/5396.html,4,False,/web/news/5396.html
5395,news,2026-04-13,致全体加盟商合作伙伴的廉洁合作倡议书,https://www.xiongdaye.com/home/view/index/id/5395.html,2,False,/web/news/5395.html
5394,news,2026-04-10,88折尝鲜 | 熊大爷人气虾皇饺升级回归！,https://www.xiongdaye.com/home/view/index/id/5394.html,2,False,/web/news/5394.html
5393,news,2026-04-02,楼下那家饺子馆，悄悄变成了社区小酒馆,https://www.xiongdaye.com/home/view/index/id/5393.html,2,False,/web/news/5393.html
5392,news,2026-03-27,双奖加冕！熊大爷荣膺红鲤奖“饺子馄饨十大品牌”及“消费者口碑领军品牌奖”,https://www.xiongdaye.com/home/view/index/id/5392.html,2,False,/web/news/5392.html
5391,video,2026-03-09,熊大爷优秀员工,https://www.xiongdaye.com/home/view/index/id/5391.html,4,False,/web/news/5391.html
5390,video,2026-03-09,熊大爷最佳优秀团队,https://www.xiongdaye.com/home/view/index/id/5390.html,4,False,/web/news/5390.html
5389,video,2026-03-09,熊大爷优秀事业部,https://www.xiongdaye.com/home/view/index/id/5389.html,4,False,/web/news/5389.html
5388,video,2026-03-09,大道至简，实干为要 - 优秀门店,https://www.xiongdaye.com/home/view/index/id/5388.html,4,False,/web/news/5388.html
5387,video,2026-03-09,熊大爷优秀管理者,https://www.xiongdaye.com/home/view/index/id/5387.html,4,False,/web/news/5387.html
5386,video,2026-03-09,熊大企业文化践行者,https://www.xiongdaye.com/home/view/index/id/5386.html,4,False,/web/news/5386.html
5385,video,2026-03-09,凝心聚力打胜仗-熊大爷年终盛典,https://www.xiongdaye.com/home/view/index/id/5385.html,5,False,/web/news/5385.html
5384,news,2026-03-06,从熊猫故乡出发，元拓食品开业了！,https://www.xiongdaye.com/home/view/index/id/5384.html,3,False,/web/news/5384.html
5383,news,2026-03-02,正月初九，我们在北川和孩子们包了一顿特别的饺子,https://www.xiongdaye.com/home/view/index/id/5383.html,3,False,/web/news/5383.html
5382,news,2026-02-27,熊大爷走进河北沙河赵泗水：260位乡亲的新年，不一样了,https://www.xiongdaye.com/home/view/index/id/5382.html,3,False,/web/news/5382.html
5381,news,2026-02-06,2025吃了几十万头猪，现在我们要去包世界了,https://www.xiongdaye.com/home/view/index/id/5381.html,3,False,/web/news/5381.html
5380,news,2026-01-26,吃熊饺，过福年熊大爷福礼，马上到您家！,https://www.xiongdaye.com/home/view/index/id/5380.html,3,False,/web/news/5380.html
5379,news,2026-01-19,熊大爷2025年稳步拓展，新增358家门店持续布局现包饺子市场,https://www.xiongdaye.com/home/view/index/id/5379.html,3,False,/web/news/5379.html
5378,news,2026-01-12,工程跨界餐饮：眉县杜老板“复制”熊大爷操作系统，两月又开一店,https://www.xiongdaye.com/home/view/index/id/5378.html,3,False,/web/news/5378.html
5377,news,2026-01-12,饺香传情 文化相融 新疆科技馆联合熊大爷举办第二届 “饺乐大赛”,https://www.xiongdaye.com/home/view/index/id/5377.html,3,False,/web/news/5377.html
5376,news,2026-01-12,【大众网】熊大爷2025向善报告：用一只饺子，包起人间温暖与社区日常,https://www.xiongdaye.com/home/view/index/id/5376.html,3,False,/web/news/5376.html
5375,news,2026-01-12,【凤凰网】熊大爷2025向善报告：用一只饺子，包起人间温暖与社区日常,https://www.xiongdaye.com/home/view/index/id/5375.html,4,False,/web/news/5375.html
5374,news,2026-01-12,当科技遇见手艺：熊大爷用溯源链+明厨亮灶拿下国家级质量桂冠,https://www.xiongdaye.com/home/view/index/id/5374.html,4,False,/web/news/5374.html
5373,news,2026-01-12,熊大爷2026全新升级：让世界通过一枚饺子，品尝中国好味,https://www.xiongdaye.com/home/view/index/id/5373.html,4,False,/web/news/5373.html
5372,news,2026-01-12,再破纪录：凭借一颗手工饺，熊大爷撬动千万级节令消费,https://www.xiongdaye.com/home/view/index/id/5372.html,4,False,/web/news/5372.html
5371,news,2026-01-12,连接·扎根·共生：2025年，熊大爷用饺子丈量世界,https://www.xiongdaye.com/home/view/index/id/5371.html,4,False,/web/news/5371.html
5370,news,2026-01-12,“熊大爷”六年行军地图：1200家店、31省版图与一只饺子的中国远征,https://www.xiongdaye.com/home/view/index/id/5370.html,4,False,/web/news/5370.html
5369,news,2026-01-12,5200只饺子，暖了一座城！熊大爷携手癌症宝宝家庭共筑“生命厨房”,https://www.xiongdaye.com/home/view/index/id/5369.html,4,False,/web/news/5369.html
5368,news,2025-12-22,饺子要吃热热的，冬至要来熊大爷！,https://www.xiongdaye.com/home/view/index/id/5368.html,4,False,/web/news/5368.html
5367,news,2025-12-22,当科技遇见手艺：熊大爷用溯源链+明厨亮灶拿下国家级质量桂冠,https://www.xiongdaye.com/home/view/index/id/5367.html,4,False,/web/news/5367.html
5366,news,2025-12-22,单日破1.8万，月销售额翻倍！熊大爷深圳粤港新天地店成业内爆店样板,https://www.xiongdaye.com/home/view/index/id/5366.html,5,False,/web/news/5366.html
5365,news,2025-12-15,从第一口到第N次：熊大爷如何用一只现包饺子攒下1.2亿“信任基金”,https://www.xiongdaye.com/home/view/index/id/5365.html,5,False,/web/news/5365.html
5364,news,2025-12-15,28㎡饺子馆日营收破万：熊大爷“小门店”重塑餐饮盈利公式,https://www.xiongdaye.com/home/view/index/id/5364.html,5,False,/web/news/5364.html
5363,news,2025-12-15,熊大爷早餐试点暖心上线，重塑都市晨间美味版图,https://www.xiongdaye.com/home/view/index/id/5363.html,5,False,/web/news/5363.html
5362,news,2025-12-15,立冬破纪录！日销2.3万，熊大爷把饺子做成社区顶流,https://www.xiongdaye.com/home/view/index/id/5362.html,5,False,/web/news/5362.html
5361,news,2025-12-15,熊大爷社区运营秘籍：外卖万单店的私域流量密码,https://www.xiongdaye.com/home/view/index/id/5361.html,5,False,/web/news/5361.html
5360,news,2025-12-15,指间轻触，热饺「闪送」：熊大爷一份鲜饺点燃冬日味蕾,https://www.xiongdaye.com/home/view/index/id/5360.html,5,False,/web/news/5360.html
5359,news,2025-12-05,熊大爷社区运营秘籍：外卖万单店的私域流量密码,https://www.xiongdaye.com/home/view/index/id/5359.html,5,False,/web/news/5359.html
5358,news,2025-12-04,5200只饺子，暖了一座城！熊大爷携手癌症宝宝家庭共筑“生命厨房”,https://www.xiongdaye.com/home/view/index/id/5358.html,5,False,/web/news/5358.html
5357,news,2025-12-01,iPhone17免费抽！点击「熊大爷暖冬饺子节」攻略，一网打尽全福利~,https://www.xiongdaye.com/home/view/index/id/5357.html,6,False,/web/news/5357.html
5356,news,2025-11-25,熊大爷荣膺2025餐饮玉盘奖：坚守现包饺子本心，传递餐桌温暖力量,https://www.xiongdaye.com/home/view/index/id/5356.html,6,False,/web/news/5356.html
5355,news,2025-11-17,揭秘 | 熊大爷现包饺子6年1200+店背后的“快”逻辑与“慢”功夫,https://www.xiongdaye.com/home/view/index/id/5355.html,6,False,/web/news/5355.html
5354,news,2025-11-13,5元早餐唤醒晨光！熊大爷开始卖早餐啦,https://www.xiongdaye.com/home/view/index/id/5354.html,6,False,/web/news/5354.html
5353,news,2025-11-13,以AI赋能餐饮人才培养，熊大爷荣获第七届云图奖数字化企业学习助力业务奖-金奖,https://www.xiongdaye.com/home/view/index/id/5353.html,6,False,/web/news/5353.html
5352,news,2025-10-31,立冬请端饺子碗“暖冬双重礼”,https://www.xiongdaye.com/home/view/index/id/5352.html,6,False,/web/news/5352.html
5351,news,2025-10-30,重阳坝坝宴，999只“熊大爷”饺子暖胃更暖心！,https://www.xiongdaye.com/home/view/index/id/5351.html,6,False,/web/news/5351.html
5350,news,2025-10-28,九九重阳，暖心饺宴——陪长辈吃顿更好的,https://www.xiongdaye.com/home/view/index/id/5350.html,6,False,/web/news/5350.html
5349,news,2025-10-24,【东方网】“务实”三连击，熊大爷社区饺子店跑出盈利加速度,https://www.xiongdaye.com/home/view/index/id/5349.html,6,False,/web/news/5349.html
5348,news,2025-10-24,【经济观察网】熊大爷以真诚为“底味”，破解餐饮行业信任困局,https://www.xiongdaye.com/home/view/index/id/5348.html,7,False,/web/news/5348.html
5347,news,2025-10-24,【中华网】熊大爷以真诚为“底味”，破解餐饮行业信任困局,https://www.xiongdaye.com/home/view/index/id/5347.html,7,False,/web/news/5347.html
5346,news,2025-10-24,【中国财富网】熊大爷三度蝉联红鹰奖，以“精准营养”重塑中式快餐赛道,https://www.xiongdaye.com/home/view/index/id/5346.html,7,False,/web/news/5346.html
5345,news,2025-10-24,【 每日财经网】熊大爷三度蝉联红鹰奖，以“精准营养”重塑中式快餐赛道,https://www.xiongdaye.com/home/view/index/id/5345.html,7,False,/web/news/5345.html
5344,news,2025-10-24,【北方网】熊大爷以“共赢”为核心，让情感与利益双向奔赴,https://www.xiongdaye.com/home/view/index/id/5344.html,7,False,/web/news/5344.html
5343,news,2025-10-24,【经济观察网】“务实”三连击，熊大爷社区饺子店跑出盈利加速度,https://www.xiongdaye.com/home/view/index/id/5343.html,7,False,/web/news/5343.html
5342,news,2025-10-24,【中华网】“务实”三连击，熊大爷社区饺子店跑出盈利加速度,https://www.xiongdaye.com/home/view/index/id/5342.html,7,False,/web/news/5342.html
5341,news,2025-10-24,【中国财经网】“30万净利俱乐部”加速扩容，熊大爷要把85%门店都拉进来,https://www.xiongdaye.com/home/view/index/id/5341.html,7,False,/web/news/5341.html
5340,news,2025-10-24,【中华网】5年＝15年：熊大爷千店背后的“时间折叠术”,https://www.xiongdaye.com/home/view/index/id/5340.html,7,False,/web/news/5340.html
5339,news,2025-10-24,【中国财富网】5年＝15年：熊大爷千店背后的“时间折叠术”,https://www.xiongdaye.com/home/view/index/id/5339.html,8,False,/web/news/5339.html
5338,news,2025-10-24,熊大爷的“金九”速度：62位新盟友、45家新店同时起跑！,https://www.xiongdaye.com/home/view/index/id/5338.html,8,False,/web/news/5338.html
5337,news,2025-10-20,熊大爷 | 北纬43°的天山麦魂,https://www.xiongdaye.com/home/view/index/id/5337.html,8,False,/web/news/5337.html
5336,news,2025-10-09,熊大爷三度蝉联红鹰奖，以“精准营养”重塑中式快餐赛道,https://www.xiongdaye.com/home/view/index/id/5336.html,8,False,/web/news/5336.html
5335,news,2025-09-30,饺香盈门，双节同欢,https://www.xiongdaye.com/home/view/index/id/5335.html,8,False,/web/news/5335.html
5334,news,2025-09-30,熊大爷教师节特辑：把讲台藏进生包间,https://www.xiongdaye.com/home/view/index/id/5334.html,8,False,/web/news/5334.html
5333,news,2025-09-30,不是口号，是业绩发动机！——熊大爷三好店长班·四川站收官，首批“特种兵”出炉！,https://www.xiongdaye.com/home/view/index/id/5333.html,8,False,/web/news/5333.html
5331,video,2025-09-23,薄皮裹秋味，一口饺儿香,https://www.xiongdaye.com/home/view/index/id/5331.html,5,False,/web/news/5331.html
5330,news,2025-09-23,熊大爷“饺”个朋友，燃爆superXlive！,https://www.xiongdaye.com/home/view/index/id/5330.html,8,False,/web/news/5330.html
5332,video,2025-09-07,白露添凉意，饺子暖心头,https://www.xiongdaye.com/home/view/index/id/5332.html,5,False,/web/news/5332.html
5329,news,2025-09-05,现包饺子撬动社区餐饮新蓝海，熊大爷匠心打造千店幸福模型,https://www.xiongdaye.com/home/view/index/id/5329.html,8,False,/web/news/5329.html
5328,news,2025-09-05,现包饺子撬动社区餐饮新蓝海，熊大爷匠心打造千店幸福模型,https://www.xiongdaye.com/home/view/index/id/5328.html,9,False,/web/news/5328.html
5327,news,2025-09-05,女儿圆梦清华！熊大爷加盟商杨女士诠释事业家庭共成长,https://www.xiongdaye.com/home/view/index/id/5327.html,9,False,/web/news/5327.html
5326,news,2025-09-05,从“好吃”到“敢标”：熊大爷一颗饺子的“信任”账本,https://www.xiongdaye.com/home/view/index/id/5326.html,9,False,/web/news/5326.html
5325,news,2025-09-05,熊大爷数字化战略引领餐饮新变革，重塑餐饮行业竞争力,https://www.xiongdaye.com/home/view/index/id/5325.html,9,False,/web/news/5325.html
5324,news,2025-09-05,“三栖一体”模式：熊大爷重塑社区餐饮竞争力,https://www.xiongdaye.com/home/view/index/id/5324.html,9,False,/web/news/5324.html
5323,news,2025-09-05,从一颗饺子到一张餐桌：熊大爷用“挑剔”重构中式快餐信任链,https://www.xiongdaye.com/home/view/index/id/5323.html,9,False,/web/news/5323.html
5322,video,2025-09-05,熊大爷X福临门联名 饺子蘸香油！,https://www.xiongdaye.com/home/view/index/id/5322.html,5,False,/web/news/5322.html
5321,video,2025-08-28,饺子蘸香油，吃出好彩头！,https://www.xiongdaye.com/home/view/index/id/5321.html,5,False,/web/news/5321.html
5320,news,2025-08-23,传统节气 | 秋始暑散，时至处暑,https://www.xiongdaye.com/home/view/index/id/5320.html,9,False,/web/news/5320.html
5319,news,2025-08-20,熊大爷要搞大事了？！携手“调香届”顶流组CP,https://www.xiongdaye.com/home/view/index/id/5319.html,9,False,/web/news/5319.html
5318,news,2025-08-07,立秋节气 | 时序轮转  饺香常伴,https://www.xiongdaye.com/home/view/index/id/5318.html,9,False,/web/news/5318.html
5317,news,2025-08-01,建军节 | 致敬最可爱的人,https://www.xiongdaye.com/home/view/index/id/5317.html,10,False,/web/news/5317.html
5316,news,2025-07-30,北川盛夏饺香飘：熊大爷公益暖途，用爱点亮童心灯塔,https://www.xiongdaye.com/home/view/index/id/5316.html,10,False,/web/news/5316.html
5315,video,2025-07-30,北川X熊大爷 下一个16年温暖之约继续！,https://www.xiongdaye.com/home/view/index/id/5315.html,5,False,/web/news/5315.html
5314,video,2025-07-24,梦想开始的地方,https://www.xiongdaye.com/home/view/index/id/5314.html,5,False,/web/news/5314.html
5313,video,2025-07-21,六载滚烫，一生回香,https://www.xiongdaye.com/home/view/index/id/5313.html,5,False,/web/news/5313.html
5312,news,2025-07-21,头伏头伏，吃饺添福,https://www.xiongdaye.com/home/view/index/id/5312.html,10,False,/web/news/5312.html
5311,news,2025-07-07,时序轮转  饺香常伴,https://www.xiongdaye.com/home/view/index/id/5311.html,10,False,/web/news/5311.html
5310,news,2025-07-03,凤凰网：熊大爷三款新面上市，开启舌尖美味新体验,https://www.xiongdaye.com/home/view/index/id/5310.html,10,False,/web/news/5310.html
5309,news,2025-07-03,腾讯新闻：熊大爷门店突破1200家，打造社区餐饮规模化发展新标杆,https://www.xiongdaye.com/home/view/index/id/5309.html,10,False,/web/news/5309.html
5308,news,2025-07-03,界面新闻：熊大爷2025品牌愿景落地，实现年利润30万＋门店占比超85%,https://www.xiongdaye.com/home/view/index/id/5308.html,10,False,/web/news/5308.html
5307,news,2025-07-03,中国日报网：乡村振兴赋能双向驱动 连锁餐饮让“可持续”深度践行,https://www.xiongdaye.com/home/view/index/id/5307.html,10,False,/web/news/5307.html
5306,news,2025-07-03,新京报：单店日销额7000＋！熊大爷爆店模型如何“破圈”社区餐饮？,https://www.xiongdaye.com/home/view/index/id/5306.html,10,False,/web/news/5306.html
5305,news,2025-07-01,花见匠心 胶享珍味丨上海交大精准营养技术成果转化项目X花胶玉米鲜肉饺，全国来袭！,https://www.xiongdaye.com/home/view/index/id/5305.html,11,False,/web/news/5305.html
5304,video,2025-07-01,鲜味上新！熊大爷×上海交大精准营养技术成果转化项目！,https://www.xiongdaye.com/home/view/index/id/5304.html,5,False,/web/news/5304.html
5303,news,2025-07-01,一口鲜甜，致敬红色初心,https://www.xiongdaye.com/home/view/index/id/5303.html,11,False,/web/news/5303.html
5302,news,2025-07-01,任贤齐打卡“星点心愿”，携手熊大爷传递公益之光,https://www.xiongdaye.com/home/view/index/id/5302.html,11,False,/web/news/5302.html
5301,news,2025-07-01,单店日销额7000+！熊大爷爆店模型如何“破圈”社区餐饮？,https://www.xiongdaye.com/home/view/index/id/5301.html,11,False,/web/news/5301.html
5300,news,2025-07-01,饭扫光X熊大爷线下联名官宣~「辣」就和朋友「饺」个心吧！,https://www.xiongdaye.com/home/view/index/id/5300.html,11,False,/web/news/5300.html
5299,news,2025-07-01,加盟开启丨招募熊熊合伙人,https://www.xiongdaye.com/home/view/index/id/5299.html,11,False,/web/news/5299.html
5298,news,2025-07-01,熊大爷2025愿景落地，实现年利润30万+门店占比超50%,https://www.xiongdaye.com/home/view/index/id/5298.html,11,False,/web/news/5298.html
5297,news,2025-05-28,“熊大爷”以抖音运营培训赋能全国加盟商，开启直播带货增长新引擎,https://www.xiongdaye.com/home/view/index/id/5297.html,11,False,/web/news/5297.html
5296,news,2025-05-28,餐见商学院一行莅临“熊大爷”参观交流，共鉴企业发展新篇章,https://www.xiongdaye.com/home/view/index/id/5296.html,11,False,/web/news/5296.html
5295,news,2025-05-16,快餐行业黑马品牌：熊大爷六年跑出千店连锁,https://www.xiongdaye.com/home/view/index/id/5295.html,12,False,/web/news/5295.html
5294,news,2025-05-16,熊大爷全国生产基地开始筹建，扩张战略加速启航,https://www.xiongdaye.com/home/view/index/id/5294.html,12,False,/web/news/5294.html
5293,news,2025-05-16,熊大爷启动加盟商赋能大会，以三位一体策略撬动市场新增量,https://www.xiongdaye.com/home/view/index/id/5293.html,12,False,/web/news/5293.html
5292,news,2025-05-16,熊大爷“土鸡汤乌鸡云吞”上新，引领春夏养生新风尚,https://www.xiongdaye.com/home/view/index/id/5292.html,12,False,/web/news/5292.html
5291,news,2025-05-16,熊大爷乌鲁木齐机场店落地，开启品牌全球化战略新征程,https://www.xiongdaye.com/home/view/index/id/5291.html,12,False,/web/news/5291.html
5290,video,2025-05-12,六岁，更好的出发,https://www.xiongdaye.com/home/view/index/id/5290.html,6,False,/web/news/5290.html
5289,news,2025-05-12,熊大爷6周年|五福饺好运加满，更有3款面上新啦~,https://www.xiongdaye.com/home/view/index/id/5289.html,12,False,/web/news/5289.html
5288,news,2025-05-12,熊大爷六周年 | 质敬骄傲，说到做到,https://www.xiongdaye.com/home/view/index/id/5288.html,12,False,/web/news/5288.html
5287,news,2025-05-09,立园满园 聚势提能丨从“北”到“南”，看“熊大爷现包饺子”的迁徙密码,https://www.xiongdaye.com/home/view/index/id/5287.html,12,False,/web/news/5287.html
5286,news,2025-04-30,熊大爷全国生产基地开始筹建，扩张战略加速启航,https://www.xiongdaye.com/home/view/index/id/5286.html,12,False,/web/news/5286.html
5285,news,2025-04-30,从1200+门店探寻熊大爷“破圈”密码，现包饺子如何打赢同质化之战？,https://www.xiongdaye.com/home/view/index/id/5285.html,13,False,/web/news/5285.html
5283,news,2025-04-24,熊大爷新品品鉴会启动，以创新解码“幸福一餐”,https://www.xiongdaye.com/home/view/index/id/5283.html,13,False,/web/news/5283.html
5282,news,2025-04-24,熊大爷季度经营复盘会：深度培训赋能，驱动长期增长,https://www.xiongdaye.com/home/view/index/id/5282.html,13,False,/web/news/5282.html
5281,news,2025-04-17,打造绿色餐饮新标杆，“熊大爷”践行可持续发展,https://www.xiongdaye.com/home/view/index/id/5281.html,13,False,/web/news/5281.html
5280,news,2025-04-17,社会发展赋能，“熊大爷”彰显企业担当,https://www.xiongdaye.com/home/view/index/id/5280.html,13,False,/web/news/5280.html
5279,news,2025-04-17,荣登 “2025年度饺子馄饨十大品牌” ，熊大爷再获行业级重量奖项,https://www.xiongdaye.com/home/view/index/id/5279.html,13,False,/web/news/5279.html
5278,news,2025-04-17,315行动 | “熊大爷”门店自查：守护舌尖安全，升级消费体验,https://www.xiongdaye.com/home/view/index/id/5278.html,13,False,/web/news/5278.html
5277,news,2025-04-17,食安承诺| 熊大爷打造透明化供应链，让安全“看得见”,https://www.xiongdaye.com/home/view/index/id/5277.html,13,False,/web/news/5277.html
5276,news,2025-04-17,“熊大爷”：明档明厨，让食品安全“看得见”,https://www.xiongdaye.com/home/view/index/id/5276.html,13,False,/web/news/5276.html
5275,news,2025-04-17,“熊大爷”携手上海交大，以花胶虾肉玉米饺开启营养均衡新风尚,https://www.xiongdaye.com/home/view/index/id/5275.html,14,False,/web/news/5275.html
5274,news,2025-04-17,熊大爷“春笋鲜肉饺”新鲜上市：传承非遗文化，助力乡村振兴,https://www.xiongdaye.com/home/view/index/id/5274.html,14,False,/web/news/5274.html
5273,news,2025-04-17,熊大爷携手上海交大，以“三减”承诺引领餐饮健康升级,https://www.xiongdaye.com/home/view/index/id/5273.html,14,False,/web/news/5273.html
5272,news,2025-04-17,“熊大爷”社区食堂落地，以“零利润运营”诠释社会责任,https://www.xiongdaye.com/home/view/index/id/5272.html,14,False,/web/news/5272.html
5271,news,2025-04-17,“熊大爷”构建食品安全防护网，全面升级消费者就餐体验,https://www.xiongdaye.com/home/view/index/id/5271.html,14,False,/web/news/5271.html
5270,news,2025-04-03,“熊大爷”举办食品安全座谈会，以新质生产力引领行业发展,https://www.xiongdaye.com/home/view/index/id/5270.html,14,False,/web/news/5270.html
5269,news,2025-04-03,【新闻转载】全省首家孤独症青年手作饺子茶咖空间试营业|点亮星点心愿　创造更多可能,https://www.xiongdaye.com/home/view/index/id/5269.html,14,False,/web/news/5269.html
5268,news,2025-04-03,【新闻转载】暖心！福建首家孤独症青年手作饺子店要开业啦,https://www.xiongdaye.com/home/view/index/id/5268.html,14,False,/web/news/5268.html
5267,news,2025-04-03,【新闻转载】首家！快来尝｜福州孤独症青年手作饺子茶咖空间，即将盛大开业！,https://www.xiongdaye.com/home/view/index/id/5267.html,14,False,/web/news/5267.html
5266,news,2025-04-03,【新闻转载】“星点心愿”：让“星星的孩子”成为一束光,https://www.xiongdaye.com/home/view/index/id/5266.html,15,False,/web/news/5266.html
5265,news,2025-03-31,零利润运营 | 在熊大爷社区食堂，找回家的味道,https://www.xiongdaye.com/home/view/index/id/5265.html,15,False,/web/news/5265.html
5264,news,2025-03-20,春笋鲜肉饺上新 | 源自山野的鲜脆味道,https://www.xiongdaye.com/home/view/index/id/5264.html,15,False,/web/news/5264.html
5263,news,2025-03-16,中国食药安全促进会食安工委与四川联拓食品集团达成战略合作,https://www.xiongdaye.com/home/view/index/id/5263.html,15,False,/web/news/5263.html
5262,video,2025-03-14,玉米鲜肉，宝宝最爱,https://www.xiongdaye.com/home/view/index/id/5262.html,6,False,/web/news/5262.html
5261,video,2025-03-14,鲜肉藏鲜，白菜抱翠,https://www.xiongdaye.com/home/view/index/id/5261.html,6,False,/web/news/5261.html
5260,news,2025-03-14,荣登 “2025年度饺子馄饨十大品牌” ，熊大爷再获行业级重量奖项,https://www.xiongdaye.com/home/view/index/id/5260.html,15,False,/web/news/5260.html
5259,news,2025-03-07,为社会发展赋能，“熊大爷”彰显企业担当,https://www.xiongdaye.com/home/view/index/id/5259.html,15,False,/web/news/5259.html
5258,news,2025-03-07,熊大爷携手非遗龙须笋，推动峨眉山乡村振兴,https://www.xiongdaye.com/home/view/index/id/5258.html,15,False,/web/news/5258.html
5257,news,2025-03-07,“熊大爷”社区食堂出圈，以邻里温暖构建和谐家园,https://www.xiongdaye.com/home/view/index/id/5257.html,15,False,/web/news/5257.html
5256,news,2025-03-07,“熊大爷”荣获星级品牌认证，筑牢食品安全长城,https://www.xiongdaye.com/home/view/index/id/5256.html,15,False,/web/news/5256.html
5255,news,2025-03-07,打造绿色餐饮新标杆，“熊大爷”践行可持续发展,https://www.xiongdaye.com/home/view/index/id/5255.html,16,False,/web/news/5255.html
5254,news,2025-02-28,在“熊大爷”开启新事业，53岁的家庭妇女逆袭人生,https://www.xiongdaye.com/home/view/index/id/5254.html,16,False,/web/news/5254.html
5253,news,2025-02-28,“熊大爷”社区食堂打造健康饮食，开启社区居民幸福时光,https://www.xiongdaye.com/home/view/index/id/5253.html,16,False,/web/news/5253.html
5252,news,2025-02-28,“熊大爷”破解“4050”就业难题，实现商业与社会价值融合,https://www.xiongdaye.com/home/view/index/id/5252.html,16,False,/web/news/5252.html
5251,news,2025-02-28,为“4050”群体就业赋能，“熊大爷”书写社会和谐新篇章,https://www.xiongdaye.com/home/view/index/id/5251.html,16,False,/web/news/5251.html
5250,news,2025-02-28,积极响应“共同富裕”号召，“熊大爷”助力“4050”群体再就业,https://www.xiongdaye.com/home/view/index/id/5250.html,16,False,/web/news/5250.html
5249,news,2025-02-14,所幸之事，饱餐与被爱,https://www.xiongdaye.com/home/view/index/id/5249.html,16,False,/web/news/5249.html
5248,news,2025-02-12,《熊大爷率先引入Deepseek-AI赋能培训，助力餐饮行业智能化转型与员工成长》,https://www.xiongdaye.com/home/view/index/id/5248.html,16,False,/web/news/5248.html
5247,news,2025-02-12,新吉尼斯世界纪录诞生！熊大爷携手美团团购打造“最多种类的饺子宴”,https://www.xiongdaye.com/home/view/index/id/5247.html,16,False,/web/news/5247.html
5246,news,2025-02-12,愿所有奔赴 都是团圆,https://www.xiongdaye.com/home/view/index/id/5246.html,17,False,/web/news/5246.html
5245,news,2025-02-08,2025“一带一路”驻华大使新春联谊会，“熊大爷”饺子打造中国美食名片,https://www.xiongdaye.com/home/view/index/id/5245.html,17,False,/web/news/5245.html
5244,video,2025-02-08,五十余国驻华大使共品中国饺 共话世界情,https://www.xiongdaye.com/home/view/index/id/5244.html,6,False,/web/news/5244.html
5243,video,2025-02-08,熊大爷X美团 成功挑战吉尼斯记录,https://www.xiongdaye.com/home/view/index/id/5243.html,6,False,/web/news/5243.html
5242,news,2025-01-25,中共成都理工大学校党委副书记胡兵一行走访调研民革成都理工大学支部党员企业,https://www.xiongdaye.com/home/view/index/id/5242.html,17,False,/web/news/5242.html
5241,video,2025-01-23,热烈欢迎成都理工大学党委副书记胡兵等人莅临熊大爷,https://www.xiongdaye.com/home/view/index/id/5241.html,6,False,/web/news/5241.html
5240,video,2025-01-23,新年饺好运  就来熊大爷!,https://www.xiongdaye.com/home/view/index/id/5240.html,6,False,/web/news/5240.html
5239,video,2025-01-20,大寒雪末消   辞旧吃春饺,https://www.xiongdaye.com/home/view/index/id/5239.html,6,False,/web/news/5239.html
5238,video,2025-01-17,2025说到做到,https://www.xiongdaye.com/home/view/index/id/5238.html,6,False,/web/news/5238.html
5237,news,2025-01-17,饺子包满母校情  “擀”向成理新篇章,https://www.xiongdaye.com/home/view/index/id/5237.html,17,False,/web/news/5237.html
5236,news,2025-01-16,2025说到做到！熊大爷年会圆满结束,https://www.xiongdaye.com/home/view/index/id/5236.html,17,False,/web/news/5236.html
5235,news,2025-01-16,熊大爷新品内测会：群策群力 共启研发新篇章,https://www.xiongdaye.com/home/view/index/id/5235.html,17,False,/web/news/5235.html
5234,news,2025-01-16,以 AI 为翼，领航餐饮新程,https://www.xiongdaye.com/home/view/index/id/5234.html,17,False,/web/news/5234.html
5233,news,2024-12-30,冬至吃饺子，就吃熊大爷！速来,https://www.xiongdaye.com/home/view/index/id/5233.html,17,False,/web/news/5233.html
5232,news,2024-12-30,冬至花絮：用10118283个饺子与323480个家庭分享欢乐,https://www.xiongdaye.com/home/view/index/id/5232.html,17,False,/web/news/5232.html
5231,video,2024-12-19,专访熊大爷西北事业部负责人王曜飞：“不求显山显水，但求细水长流”。,https://www.xiongdaye.com/home/view/index/id/5231.html,7,False,/web/news/5231.html
5230,video,2024-12-19,绵绵冬日 | 邀您奔赴一场美食之约,https://www.xiongdaye.com/home/view/index/id/5230.html,7,False,/web/news/5230.html
5229,news,2024-12-16,冬天吃饺，首选这三种,https://www.xiongdaye.com/home/view/index/id/5229.html,18,False,/web/news/5229.html
5228,news,2024-12-13,冬至提前购 | 熊大爷邀你年末囤饺（现在买不排队）,https://www.xiongdaye.com/home/view/index/id/5228.html,18,False,/web/news/5228.html
5227,news,2024-12-09,熊熊喜报 | 11月新增合伙人67位 新开门店63家,https://www.xiongdaye.com/home/view/index/id/5227.html,18,False,/web/news/5227.html
5226,news,2024-11-27,双喜临门 | 熊大爷荣获餐饮行业两大重量奖项,https://www.xiongdaye.com/home/view/index/id/5226.html,18,False,/web/news/5226.html
5225,news,2024-11-25,加盟开启| 成为熊熊合伙人,https://www.xiongdaye.com/home/view/index/id/5225.html,18,False,/web/news/5225.html
5224,news,2024-11-25,熊大爷正式入驻乌鲁木齐机场！,https://www.xiongdaye.com/home/view/index/id/5224.html,18,False,/web/news/5224.html
5223,news,2024-11-18,熊大爷品牌持续焕新，为门店可持续赚钱绘制新篇,https://www.xiongdaye.com/home/view/index/id/5223.html,18,False,/web/news/5223.html
5222,news,2024-11-13,熊大爷10月新开54家门店,https://www.xiongdaye.com/home/view/index/id/5222.html,18,False,/web/news/5222.html
5221,news,2024-11-08,亮眼！熊大爷10月新增82位合伙人,https://www.xiongdaye.com/home/view/index/id/5221.html,18,False,/web/news/5221.html
5220,news,2024-11-08,立冬特刊：熊大爷邀你来端饺子碗！,https://www.xiongdaye.com/home/view/index/id/5220.html,19,False,/web/news/5220.html
5219,news,2024-10-23,一分钟告诉你，为什么小白更适合加盟？,https://www.xiongdaye.com/home/view/index/id/5219.html,19,False,/web/news/5219.html
5217,news,2024-10-23,惊艳味蕾！花胶鲜肉饺即将上新,https://www.xiongdaye.com/home/view/index/id/5217.html,19,False,/web/news/5217.html
5216,news,2024-10-22,霜降养生，从一碗热饺开始,https://www.xiongdaye.com/home/view/index/id/5216.html,19,False,/web/news/5216.html
5215,news,2024-10-17,熊大爷X天山面粉 营养健康之旅再启新程,https://www.xiongdaye.com/home/view/index/id/5215.html,19,False,/web/news/5215.html
5214,news,2024-10-16,只送不卖！2000余个盲盒IP公仔已全部发货！,https://www.xiongdaye.com/home/view/index/id/5214.html,19,False,/web/news/5214.html
5213,news,2024-10-12,9月招商成绩单出炉：新签约92家！,https://www.xiongdaye.com/home/view/index/id/5213.html,19,False,/web/news/5213.html
5212,news,2024-10-10,熊大爷获评“2024年度餐饮商业价值品牌”,https://www.xiongdaye.com/home/view/index/id/5212.html,19,False,/web/news/5212.html
5211,news,2024-10-09,9月熊大爷80余店成功冲榜美团人气榜！,https://www.xiongdaye.com/home/view/index/id/5211.html,19,False,/web/news/5211.html
5189,news,2024-09-27,积分当钱花：熊大爷会员积分商城上线啦！,https://www.xiongdaye.com/home/view/index/id/5189.html,20,False,/web/news/5189.html
5188,news,2024-09-27,人气藏不住！8月熊大爷76店上榜美团人气榜,https://www.xiongdaye.com/home/view/index/id/5188.html,20,False,/web/news/5188.html
5187,news,2024-09-27,特别的爱给重要的你—2000个熊猫IP盲盒只送不卖,https://www.xiongdaye.com/home/view/index/id/5187.html,20,False,/web/news/5187.html
5186,news,2024-09-21,熊大爷荣获“2024年度饺子馄炖十大品牌”,https://www.xiongdaye.com/home/view/index/id/5186.html,20,False,/web/news/5186.html
5185,news,2024-09-21,为什么要加盟一家熊大爷？,https://www.xiongdaye.com/home/view/index/id/5185.html,20,False,/web/news/5185.html
5184,news,2024-09-13,“食”力圈粉，八月熊大爷招商超百家,https://www.xiongdaye.com/home/view/index/id/5184.html,20,False,/web/news/5184.html
5183,video,2024-09-13,专访熊大爷贵州事业部负责人---陆伟彪,https://www.xiongdaye.com/home/view/index/id/5183.html,7,False,/web/news/5183.html
5182,news,2024-09-11,一颗饺子，凌云壮志,https://www.xiongdaye.com/home/view/index/id/5182.html,20,False,/web/news/5182.html
5181,news,2024-08-06,上新预告：蟹黄鲜虾饺，等你来“蟹”逅！,https://www.xiongdaye.com/home/view/index/id/5181.html,20,False,/web/news/5181.html
5180,news,2024-08-01,熊大爷现包饺子与天山面粉厂达成战略合作，树立行业互利共赢新标杆,https://www.xiongdaye.com/home/view/index/id/5180.html,20,False,/web/news/5180.html
5179,video,2024-07-30,熊大爷五周年庆混剪欣赏：下一个五年，期待更好的熊大爷。,https://www.xiongdaye.com/home/view/index/id/5179.html,7,False,/web/news/5179.html
5178,video,2024-07-30,专访江苏廖理春：我的兄弟们都跟着开店，熊大爷这个项目深得人心,https://www.xiongdaye.com/home/view/index/id/5178.html,7,False,/web/news/5178.html
5177,video,2024-07-30,专访安徽郑兴峰：一切不谈门店盈利的话题都是耍流氓。,https://www.xiongdaye.com/home/view/index/id/5177.html,7,False,/web/news/5177.html
5176,video,2024-07-30,总部专访王丹梅：敬畏一线，更要敬畏消费者,https://www.xiongdaye.com/home/view/index/id/5176.html,7,False,/web/news/5176.html
5175,video,2024-07-24,专访熊大爷陕西事业部负责人何成林：“外行跨界做餐饮，其实没有那么难”。,https://www.xiongdaye.com/home/view/index/id/5175.html,7,False,/web/news/5175.html
5174,video,2024-07-24,专访熊大爷河南事业部负责人郭厚：“熊大爷要开一万家店，我得贡献500家”！,https://www.xiongdaye.com/home/view/index/id/5174.html,7,False,/web/news/5174.html
5173,news,2024-07-16,携手向未来 | 熊大爷2024年中会议圆满召开,https://www.xiongdaye.com/home/view/index/id/5173.html,21,False,/web/news/5173.html
5172,video,2024-07-11,舞台再大，你不上台永远是观众。从健身教练，到千店品牌联合创始人，彭正权正在开启另一种可能。,https://www.xiongdaye.com/home/view/index/id/5172.html,8,False,/web/news/5172.html
5144,video,2024-06-04,熊大爷 | 从觉得“被忽悠”到决定“当事业”  杨嵩脚下前行的光,https://www.xiongdaye.com/home/view/index/id/5144.html,8,False,/web/news/5144.html
5143,news,2024-05-24,【熊大爷】消费者持续认可：4月熊大爷82店上榜大众点评人气榜,https://www.xiongdaye.com/home/view/index/id/5143.html,21,False,/web/news/5143.html
5142,video,2024-05-18,熊大爷记录片-大姨的春天,https://www.xiongdaye.com/home/view/index/id/5142.html,8,False,/web/news/5142.html
5140,news,2024-05-11,【熊大爷】GIVE ME FIVE——致敬我们的五周年！,https://www.xiongdaye.com/home/view/index/id/5140.html,21,False,/web/news/5140.html
5139,video,2024-05-11,熊大爷 | 五周年，是一段不凡的历程,https://www.xiongdaye.com/home/view/index/id/5139.html,8,False,/web/news/5139.html
5136,video,2024-02-23,用一颗饺子，链接品牌价值和人文温度,https://www.xiongdaye.com/home/view/index/id/5136.html,8,False,/web/news/5136.html
5135,news,2024-02-01,熊大爷 | 岩土工程勘察比选公告,https://www.xiongdaye.com/home/view/index/id/5135.html,21,False,/web/news/5135.html
5134,news,2024-01-27,熊大爷 | 饺子发展报告2024： 650亿鲜饺市场 10万家门店同台竞技,https://www.xiongdaye.com/home/view/index/id/5134.html,21,False,/web/news/5134.html
5133,news,2024-01-27,为什么要加盟一家现包饺子店？,https://www.xiongdaye.com/home/view/index/id/5133.html,21,False,/web/news/5133.html
5132,news,2024-01-16,新起航创未来！熊大爷总部办公室即将乔迁新址,https://www.xiongdaye.com/home/view/index/id/5132.html,21,False,/web/news/5132.html
5131,news,2024-01-12,熊大爷加速扩张 全国营运门店正式破千家,https://www.xiongdaye.com/home/view/index/id/5131.html,21,False,/web/news/5131.html
5081,news,2023-07-18,番茄资本创始人卿永：熊大爷模式或可颠覆传统饺子赛道,https://www.xiongdaye.com/home/view/index/id/5081.html,21,False,/web/news/5081.html
5080,news,2023-07-02,设计比选公告,https://www.xiongdaye.com/home/view/index/id/5080.html,22,False,/web/news/5080.html
5079,news,2023-06-28,现包饺子赛道杀出新黑马！它走“零售+餐饮+外卖”三栖模式，3年开店1000+家！,https://www.xiongdaye.com/home/view/index/id/5079.html,22,False,/web/news/5079.html
5078,news,2023-06-25,熊大爷门店突破700家,https://www.xiongdaye.com/home/view/index/id/5078.html,22,False,/web/news/5078.html
5077,news,2023-06-23,招标公告,https://www.xiongdaye.com/home/view/index/id/5077.html,22,False,/web/news/5077.html
5076,news,2023-06-20,饺子云吞品类开社区店真的赚钱吗？,https://www.xiongdaye.com/home/view/index/id/5076.html,22,False,/web/news/5076.html
5075,news,2023-03-29,熊大爷现包饺子和速冻饺子有什么区别？,https://www.xiongdaye.com/home/view/index/id/5075.html,22,False,/web/news/5075.html
5074,news,2022-12-05,现包饺子未来会取代速冻饺子吗？,https://www.xiongdaye.com/home/view/index/id/5074.html,22,False,/web/news/5074.html
5073,news,2022-11-25,在家门口开一家饺子店投入大吗？,https://www.xiongdaye.com/home/view/index/id/5073.html,22,False,/web/news/5073.html
5072,news,2022-11-13,创业开饺子店还能赚钱吗？,https://www.xiongdaye.com/home/view/index/id/5072.html,22,False,/web/news/5072.html
